;Vrouwen;;Mannen;
Rank;eerste_voornaam;aantal;eerste_voornaam;aantal
1;Maria;368.464;Johannes;330.057
2;Johanna;290.068;Jan;202.051
3;Anna;147.916;Cornelis;145.449
4;Cornelia;122.667;Hendrik;128.280
5;Elisabeth;119.141;Willem;111.006
6;Wilhelmina;106.938;Petrus;92.470
7;Catharina;92.524;Pieter;89.160
8;Hendrika;78.375;Gerrit;80.733
9;Adriana;75.620;Wilhelmus;75.509
10;Petronella;74.301;Peter;72.049
11;Margaretha;49.802;Jacobus;69.889
12;Jacoba;46.960;Robert;69.838
13;Yvonne;45.304;Antonius;69.196
14;Helena;44.082;Gerardus;69.121
15;Geertruida;43.425;Adrianus;67.645
16;Monique;40.930;Franciscus;63.450
17;Antonia;34.823;Hendrikus;58.807
18;Esther;34.339;Johan;54.761
19;Ingrid;34.065;Jacob;53.026
20;Christina;33.409;Marinus;51.243
21;Elizabeth;31.760;Dirk;51.025
22;Linda;31.262;Jeroen;50.183
23;Theodora;30.811;Ronald;48.483
24;Aaltje;29.781;Theodorus;48.065
25;Sandra;29.779;Martinus;46.086
26;Anne;29.627;Henricus;41.285
27;Grietje;28.147;Thomas;40.135
28;Alida;28.073;Richard;37.766
29;Marianne;26.252;Dennis;37.603
30;Laura;26.009;Marcel;37.257
31;Kim;26.006;Nicolaas;36.354
32;Sanne;25.600;Albert;34.555
33;Jantje;24.929;Mark;34.476
34;Trijntje;24.548;Arie;34.214
35;Jolanda;24.145;Patrick;33.251
36;Karin;24.144;René;33.114
37;Jacqueline;23.064;Paul;31.471
38;Neeltje;23.044;Martijn;30.585
39;Geertje;22.476;Bernardus;30.128
40;Iris;22.324;Erik;29.746
41;Janna;21.635;Maarten;29.602
42;Astrid;21.570;Tim;28.381
43;Saskia;21.350;Wouter;28.179
44;Bianca;21.103;Marco;27.556
45;Eva;20.871;Michael;27.527
46;Patricia;20.834;Alexander;27.465
47;Antje;20.601;Sander;26.963
48;Chantal;20.343;Paulus;26.671
49;Judith;20.077;Leonardus;26.390
50;Petra;20.037;Bart;26.348
51;Wendy;19.992;Frank;26.188
52;Maaike;19.679;Klaas;25.982
53;Daniëlle;19.609;Christiaan;25.524
54;Lisa;19.380;Albertus;25.504
55;Nicole;18.881;Daniël;25.266
56;Francisca;18.564;Niels;24.954
57;Anouk;18.548;Frederik;23.558
58;Willemina;18.530;Michel;23.552
59;Jannetje;18.512;Kevin;23.439
60;Gerarda;18.457;Hans;23.119
61;Ellen;18.043;Edwin;22.604
62;Sylvia;17.883;Robin;22.501
63;Anita;17.664;Leendert;22.441
64;Joyce;17.379;Tom;22.440
65;Pieternella;17.302;Adriaan;22.181
66;Emma;17.044;Hubertus;22.116
67;Miranda;16.967;Rudolf;21.841
68;Femke;16.887;Gerard;21.810
69;Martina;16.828;Herman;21.639
70;Marijke;16.621;Roy;21.388
71;Louise;16.567;Martin;21.168
72;Ilse;16.564;Hermanus;20.722
73;Suzanne;16.473;Stefan;20.658
74;Marieke;16.452;Robertus;20.379
75;Henrica;16.378;Eric;20.281
76;Simone;16.322;Mohamed;20.203
77;Josephina;16.235;David;19.860
78;Irene;16.077;Roelof;19.732
79;Hendrikje;15.662;Daan;19.611
80;Lotte;15.628;Lambertus;19.591
81;Mirjam;15.488;Joseph;19.417
82;Charlotte;15.325;Harm;19.362
83;Maartje;15.081;Josephus;19.156
84;Inge;14.823;Ruben;18.963
85;Julia;14.796;Jasper;18.926
86;Gerritje;14.758;Simon;18.621
87;Carolina;14.685;Rick;18.572
88;Michelle;14.616;Nick;18.257
89;Agnes;14.550;Bas;18.096
90;Claudia;14.540;Lars;18.092
91;Marie;14.540;Lucas;17.943
92;Theresia;14.160;Thijs;17.903
93;Tessa;14.068;Geert;17.853
94;Barbara;14.025;Evert;17.603
95;Dirkje;13.813;Bram;17.385
96;Martha;13.806;Vincent;17.171
97;Marjolein;13.785;Joost;17.130
98;Gerda;13.768;Michiel;16.988
99;Hermina;13.702;Bastiaan;16.971
100;Jessica;13.307;Mike;16.963
101;Sonja;13.055;Danny;16.900
102;Manon;13.033;Frans;16.718
103;Diana;12.946;Remco;16.604
104;Sophie;12.929;Erwin;16.442
105;Berendina;12.759;Berend;16.261
106;Fleur;12.682;Jelle;16.064
107;Amber;12.519;Jeffrey;15.869
108;Nathalie;12.340;Max;15.825
109;Caroline;12.266;Koen;15.732
110;Naomi;12.198;Marc;15.519
111;Eline;12.148;Teunis;15.359
112;Sophia;12.084;Eduard;15.186
113;Carla;12.006;Andreas;15.139
114;Denise;11.999;Sebastiaan;15.135
115;Melissa;11.834;Jozef;14.779
116;Tamara;11.798;Arnoldus;14.081
117;Angela;11.697;Marcus;14.054
118;Nienke;11.695;Jesse;13.813
119;Monica;11.544;Raymond;13.715
120;Mariska;11.498;Sven;13.643
121;Gertruda;11.490;Sjoerd;13.499
122;Aleida;11.475;Arend;13.368
123;Daphne;11.279;Matthijs;12.934
124;Lieke;11.080;André;12.877
125;Vera;11.039;Rob;12.726
126;Henriëtte;10.975;Wesley;12.509
127;Alexandra;10.874;Maurice;12.409
128;Angelique;10.759;Abraham;12.408
129;Sara;10.595;Joannes;12.273
130;Romy;10.366;Hendricus;12.253
131;Merel;10.360;Stijn;12.156
132;Janneke;10.257;Steven;11.954
133;Jeannette;10.155;Luuk;11.794
134;Lena;10.145;Karel;11.508
135;Nina;10.091;John;11.296
136;Cindy;9.977;Andries;11.218
137;Mandy;9.977;Joris;11.062
138;Sharon;9.966;Gijsbertus;10.930
139;Dina;9.913;Pascal;10.590
140;Paulina;9.830;Gerhardus;10.338
141;Britt;9.780;Jordy;10.155
142;Sabine;9.753;Floris;10.006
143;Kelly;9.723;Aart;10.000
144;Melanie;9.667;Gijs;9.871
145;Maud;9.573;Arjan;9.785
146;Marloes;9.541;Sem;9.767
147;Marion;9.528;Joey;9.741
148;Lucia;9.496;Derk;9.700
149;Annemarie;9.337;Egbert;9.463
150;Ilona;9.257;Bernard;9.225
151;Leonie;9.223;Menno;9.163
152;Nancy;9.144;Gijsbert;9.143
153;Demi;9.055;Bob;9.142
154;Anneke;8.968;Anne;9.037
155;Sarah;8.956;Justin;9.001
156;Martine;8.878;Laurens;8.958
157;Hendrina;8.792;Hugo;8.903
158;Natasja;8.725;Dylan;8.879
159;Willy;8.650;Anton;8.754
160;Magdalena;8.647;Ferdinand;8.709
161;Lisanne;8.552;Milan;8.640
162;Renate;8.474;Ricardo;8.466
163;Eveline;8.459;Robbert;8.336
164;Jennifer;8.432;Roel;8.311
165;Samantha;8.402;Mathijs;8.306
166;Kirsten;8.376;Benjamin;8.271
167;Everdina;8.327;Sam;8.195
168;Ida;8.325;Louis;8.185
169;Antoinette;8.293;Pim;8.087
170;Joanna;8.184;Casper;7.977
171;Anja;8.145;Roland;7.923
172;Annie;8.038;Antonie;7.872
173;Irma;8.034;Stephan;7.765
174;Paula;8.030;Julian;7.690
175;Marina;7.997;Stan;7.671
176;Stephanie;7.986;Arnold;7.650
177;Brigitte;7.979;Ali;7.604
178;Susanne;7.968;Christian;7.572
179;Francina;7.918;Arthur;7.569
180;Gerritdina;7.882;Mohammed;7.436
181;Marit;7.878;Niek;7.326
182;Frederika;7.852;Jakob;7.319
183;Marleen;7.802;Alex;7.235
184;Hubertina;7.779;Guido;7.230
185;Fatima;7.766;Rutger;7.079
186;Floor;7.670;Brian;7.078
187;Roos;7.623;Reinier;7.068
188;Jantina;7.516;Marten;7.058
189;Jannigje;7.451;Ivo;7.041
190;Isa;7.353;Leon;7.027
191;Evelien;7.340;Timo;7.001
192;Louisa;7.316;Rik;6.998
193;Renske;7.267;Ramon;6.956
194;Rianne;7.221;Henri;6.833
195;Bertha;7.219;Harry;6.828
196;Elise;7.187;George;6.762
197;Brenda;7.187;Johnny;6.667
198;Annemieke;7.178;Teun;6.667
199;Pauline;7.165;Wessel;6.617
200;Susanna;7.028;Marius;6.596
201;Marjan;6.945;Henk;6.432
202;Noa;6.913;Kornelis;6.403
203;Regina;6.910;Harmen;6.377
204;Agatha;6.899;Job;6.354
205;Nikki;6.897;Dave;6.342
206;Carmen;6.835;Victor;6.291
207;Cynthia;6.830;Bartholomeus;6.266
208;Antonetta;6.792;Jochem;6.161
209;Ingeborg;6.778;Arjen;6.145
210;Marije;6.769;Joep;6.122
211;Annette;6.766;Rens;6.062
212;Lisette;6.748;Edward;6.054
213;Rosa;6.717;Antoon;6.028
214;Janny;6.717;Michaël;5.996
215;Geesje;6.694;Anthonius;5.990
216;Wilma;6.673;Daniel;5.975
217;Silvia;6.648;Gerben;5.957
218;Andrea;6.606;Maikel;5.956
219;Clasina;6.546;Ahmed;5.936
220;Henriette;6.505;Walter;5.906
221;Margriet;6.452;Douwe;5.886
222;Zoë;6.431;Mehmet;5.827
223;Henderika;6.428;Luc;5.728
224;Edith;6.425;Alfred;5.682
225;Deborah;6.378;Nico;5.675
226;Gerdina;6.368;Rogier;5.583
227;Teuntje;6.356;Ralph;5.581
228;Jannie;6.336;Charles;5.575
229;Danique;6.265;Ryan;5.527
230;Mariëlle;6.236;Melvin;5.507
231;Christine;6.208;Mustafa;5.378
232;Engelina;6.202;Christianus;5.378
233;Priscilla;6.178;Leo;5.350
234;Robin;6.153;Wilhelm;5.327
235;Josephine;6.151;Dick;5.279
236;Jansje;6.134;Gerhard;5.278
237;Dorothea;6.125;Theo;5.217
238;Jasmijn;6.113;Cornelius;5.199
239;Amy;6.092;Noah;5.193
240;Myrthe;6.077;Marijn;5.172
241;Rachel;5.981;Levi;5.154
242;Renée;5.946;Ruud;5.146
243;Annigje;5.852;Mees;5.094
244;Klazina;5.832;Bertus;5.056
245;Kimberley;5.809;Laurentius;5.024
246;Lydia;5.791;Damian;5.014
247;Suzanna;5.656;Finn;5.007
248;Miriam;5.651;Leonard;5.006
249;Natascha;5.640;Anthonie;4.993
250;Esmee;5.581;Ronny;4.991
251;Loes;5.579;Jonathan;4.950
252;Gezina;5.565;Pepijn;4.922
253;Susan;5.559;Nicky;4.908
254;Alberdina;5.522;Björn;4.896
255;Fenna;5.493;Frits;4.875
256;Lynn;5.484;Jean;4.856
257;Yvette;5.459;Jens;4.851
258;Tanja;5.445;Oscar;4.850
259;Anke;5.433;Mario;4.845
260;Milou;5.393;Roger;4.815
261;Clara;5.388;Lodewijk;4.812
262;Marja;5.365;Glenn;4.806
263;Jenny;5.356;Quinten;4.757
264;Kimberly;5.334;Ernst;4.757
265;Shirley;5.328;Mattheus;4.751
266;Olga;5.322;Cas;4.721
267;Alberta;5.309;Jimmy;4.709
268;José;5.247;Barend;4.697
269;Nelly;5.224;Fabian;4.674
270;Tess;5.146;Jordi;4.663
271;Hendrica;5.140;Maurits;4.660
272;Aartje;5.126;Bryan;4.647
273;Dominique;5.115;Bjorn;4.644
274;Sabrina;5.109;Stephanus;4.634
275;Nadia;5.100;Mitchell;4.561
276;Janke;5.098;William;4.554
277;Daisy;5.081;Jaap;4.538
278;Alice;5.073;Chris;4.508
279;Rosalie;5.064;Olaf;4.496
280;Mathilda;5.047;Emiel;4.490
281;Annelies;5.034;Jurgen;4.456
282;Janine;5.017;Guus;4.407
283;Rebecca;4.901;Luca;4.399
284;Willempje;4.897;Jesper;4.398
285;Bernardina;4.892;Otto;4.379
286;Bernadette;4.869;Anthony;4.353
287;Jeanette;4.810;Rudi;4.330
288;Margje;4.767;Jarno;4.328
289;Lianne;4.737;Twan;4.316
290;Esmée;4.722;Arno;4.314
291;Aukje;4.713;Godefridus;4.311
292;Froukje;4.698;Kees;4.309
293;Cecilia;4.658;Jelmer;4.301
294;Elisa;4.632;Stef;4.301
295;Amanda;4.629;Hidde;4.266
296;Carola;4.619;Youri;4.255
297;Hillegonda;4.616;Piet;4.252
298;Meike;4.614;Ronnie;4.246
299;Lara;4.600;Thijmen;4.211
300;Karen;4.590;Auke;4.197
301;Lilian;4.585;Matheus;4.196
302;Anthonia;4.581;Barry;4.187
303;Grada;4.569;Carolus;4.156
304;Jeltje;4.550;Eddy;4.137
305;Nynke;4.540;Tijn;4.135
306;Jill;4.520;Samuel;4.127
307;Elly;4.470;Jayden;4.110
308;Bo;4.441;Ronaldus;4.110
309;Isabella;4.430;Olivier;4.099
310;Maureen;4.423;Harold;4.078
311;Josepha;4.412;Joshua;4.056
312;Nadine;4.391;Tjeerd;4.044
313;Hester;4.379;Reinder;4.040
314;Isabel;4.365;Rudy;4.040
315;Isabelle;4.301;Dion;4.036
316;Veronica;4.298;Huibert;4.019
317;Luna;4.296;Fredericus;3.985
318;Marian;4.279;Freddy;3.983
319;Tjitske;4.271;Tristan;3.962
320;Sterre;4.245;Tijmen;3.946
321;Harmina;4.222;Hubert;3.936
322;Pietertje;4.215;Tobias;3.834
323;Elsje;4.211;Lammert;3.833
324;Gerardina;4.200;Jim;3.822
325;Sietske;4.199;Coen;3.780
326;Josina;4.191;Henderikus;3.779
327;Roelofje;4.171;Ludovicus;3.779
328;Karlijn;4.144;Jacques;3.758
329;Maatje;4.143;Davy;3.749
330;Fatma;4.130;Joël;3.746
331;Sjoukje;4.116;Roeland;3.743
332;Larissa;4.107;Mathias;3.735
333;Mieke;4.102;Bert;3.735
334;Bente;4.068;Timothy;3.716
335;Stefanie;4.030;Philip;3.709
336;Klaasje;4.027;Yannick;3.668
337;Jeanne;4.018;Augustinus;3.657
338;Jenneke;4.017;Markus;3.641
339;Hanneke;3.984;Wim;3.628
340;Wietske;3.980;Lukas;3.618
341;Ivonne;3.944;Marvin;3.615
342;Eleonora;3.940;Hermannus;3.595
343;Sofie;3.902;Jeremy;3.563
344;Pietje;3.900;Giovanni;3.522
345;Yolanda;3.884;Wiebe;3.506
346;Gesina;3.869;Jannes;3.504
347;Hilde;3.844;Jos;3.480
348;Nicolette;3.824;Julius;3.462
349;Marlies;3.817;Marcellinus;3.439
350;Margot;3.813;Ibrahim;3.436
351;Allegonda;3.798;Ties;3.424
352;Joke;3.793;Emile;3.419
353;Katharina;3.777;Ahmet;3.412
354;Hannah;3.774;Thom;3.395
355;Aafke;3.760;Onno;3.388
356;Gertrudis;3.756;Jorn;3.366
357;Erna;3.754;Johannis;3.361
358;Ashley;3.726;Jason;3.359
359;Debby;3.724;Lorenzo;3.355
360;Baukje;3.713;Mats;3.341
361;Jacomina;3.700;Theodoor;3.336
362;Nora;3.690;Mick;3.309
363;Veerle;3.686;Aloysius;3.272
364;Hanna;3.679;Frederikus;3.248
365;Danielle;3.675;Machiel;3.245
366;Willemijntje;3.673;Joeri;3.234
367;Mathilde;3.616;Boudewijn;3.193
368;Hilda;3.612;Alphonsus;3.171
369;Christel;3.594;Pierre;3.146
370;Adriaantje;3.592;Arnoud;3.099
371;Martje;3.577;Mohammad;3.094
372;Mireille;3.564;Sjors;3.073
373;Ruth;3.533;Remko;3.062
374;Hiltje;3.528;Adam;3.057
375;Kyra;3.521;Gert;3.053
376;Albertha;3.505;Colin;3.044
377;Indy;3.504;Leroy;3.034
378;Tineke;3.487;Carlo;3.027
379;Lamberta;3.479;Freek;3.001
380;Erica;3.474;Boris;2.992
381;Geertruda;3.436;Jerry;2.976
382;Evertje;3.428;Nathan;2.970
383;Mary;3.397;Ferry;2.960
384;Liesbeth;3.385;Jurjen;2.954
385;Gerharda;3.383;Mitchel;2.927
386;Marjolijn;3.382;Lambert;2.920
387;Carolien;3.369;Tygo;2.911
388;Aagje;3.345;Philippus;2.884
389;Carlijn;3.335;Mathieu;2.881
390;Rosanne;3.329;Roelf;2.880
391;Julie;3.329;Bernhard;2.878
392;Imke;3.321;Everardus;2.872
393;Angelina;3.287;Omar;2.850
394;Ineke;3.287;Jurre;2.844
395;Désirée;3.286;Jorrit;2.832
396;Marjon;3.279;Eelco;2.830
397;Debbie;3.278;Mika;2.825
398;Thi;3.275;Kasper;2.814
399;Albertje;3.270;Marnix;2.792
400;Gijsbertha;3.257;Diederik;2.769
401;Jentje;3.253;Jules;2.752
402;Noortje;3.245;Kay;2.751
403;Debora;3.232;Kenneth;2.734
404;Vivian;3.213;Ian;2.725
405;Marrigje;3.202;Henry;2.708
406;Samira;3.186;Rolf;2.708
407;Antoinetta;3.182;François;2.699
408;Thea;3.167;Raoul;2.694
409;Lonneke;3.158;Werner;2.691
410;Vanessa;3.154;Wijnand;2.687
411;Rita;3.148;Meindert;2.667
412;Willemijn;3.146;Felix;2.666
413;Gijsberta;3.141;Angelo;2.655
414;Leentje;3.134;Coenraad;2.653
415;Minke;3.134;Matthias;2.653
416;Heidi;3.125;Stefanus;2.647
417;Arnolda;3.118;Xander;2.645
418;Suzan;3.114;Iwan;2.619
419;Evi;3.104;Wilco;2.618
420;Noor;3.099;Tycho;2.604
421;Peggy;3.099;Lennart;2.590
422;Puck;3.087;Mart;2.584
423;Jitske;3.087;Jack;2.584
424;Esmeralda;3.058;Carel;2.557
425;Manuela;3.030;Randy;2.539
426;Kiki;3.028;Wolter;2.537
427;Gerrigje;2.997;Ben;2.516
428;Senna;2.990;Dani;2.508
429;Ramona;2.976;El;2.502
430;Zwaantje;2.970;Folkert;2.498
431;Annemiek;2.961;Hein;2.477
432;Mila;2.960;Roan;2.470
433;Trientje;2.948;Hasan;2.469
434;Leonarda;2.938;Eduardus;2.456
435;Brigitta;2.913;Bauke;2.455
436;Yara;2.898;Roberto;2.455
437;Madelon;2.896;Johann;2.454
438;Reina;2.892;Merijn;2.448
439;Beatrix;2.857;Ismail;2.447
440;Henny;2.853;Wout;2.446
441;Heleen;2.843;Rachid;2.430
442;Klasina;2.843;Willy;2.422
443;Mirthe;2.833;Davey;2.417
444;Ester;2.831;Andy;2.417
445;Kitty;2.828;Hindrik;2.409
446;Claire;2.824;Ralf;2.406
447;Harmke;2.816;Fokke;2.384
448;Angélique;2.793;Tommy;2.379
449;Selma;2.792;Hessel;2.375
450;Tara;2.786;Remy;2.373
451;Valerie;2.775;Gino;2.367
452;Juliana;2.773;Krijn;2.342
453;Celine;2.769;Youssef;2.332
454;Floortje;2.767;Rudolph;2.309
455;Lina;2.761;Sietse;2.287
456;Joëlle;2.757;Vincentius;2.277
457;Pien;2.731;Rowan;2.277
458;Silke;2.724;Jamie;2.266
459;Ina;2.693;Murat;2.246
460;Sandy;2.686;Léon;2.246
461;Akke;2.683;Said;2.245
462;Ay?e;2.679;Ricky;2.234
463;Dewi;2.660;Abel;2.234
464;Kristel;2.647;Hassan;2.230
465;Gemma;2.646;Willibrordus;2.228
466;Desirée;2.636;Dean;2.219
467;Mina;2.630;Aron;2.218
468;Geeske;2.617;Manuel;2.210
469;Loïs;2.614;Luke;2.208
470;Natalie;2.610;Nils;2.195
471;Maxime;2.599;Clemens;2.193
472;Gabriëlle;2.584;Jort;2.189
473;Annechien;2.580;Melle;2.186
474;Emily;2.565;Liam;2.173
475;Quinty;2.554;Jelte;2.167
476;Elvira;2.553;Kai;2.128
477;Aniek;2.544;Tijs;2.121
478;Kayleigh;2.541;Freerk;2.121
479;Kaylee;2.521;Tjerk;2.110
480;Soraya;2.520;Nigel;2.109
481;Hatice;2.519;Yassine;2.084
482;Jade;2.519;Bilal;2.079
483;Aletta;2.518;Engelbertus;2.078
484;Hilligje;2.518;Ivan;2.077
485;Jeanine;2.506;Jay;2.076
486;Gerrie;2.500;August;2.073
487;Sam;2.499;Ivar;2.073
488;Juliette;2.488;Siebe;2.058
489;Helga;2.481;Rijk;2.058
490;Ursula;2.477;Eugène;2.044
491;Linde;2.476;Adolf;2.030
492;Belinda;2.467;Robbie;2.024
493;Anje;2.465;Ron;2.023
494;Rinske;2.464;Franklin;2.019
495;Moniek;2.451;Dimitri;2.013
496;Arendina;2.437;Marcellus;2.012
497;Jozina;2.417;James;2.008
498;Dana;2.406;Lex;2.007
499;Elke;2.403;Yusuf;2.006
500;Paulien;2.397;Gustaaf;1.999
501;Marcella;2.397;Antoine;1.997
502;Jamie;2.382;Jan-Willem;1.984
503;Corine;2.371;Vince;1.981
504;Nicky;2.370;Harmannus;1.979
505;Huberdina;2.362;Heinrich;1.976
506;Else;2.357;Jari;1.970
507;Nikita;2.354;Robby;1.959
508;Megan;2.344;Herbert;1.959
509;Nanda;2.344;Koenraad;1.952
510;Ella;2.340;Sebastian;1.944
511;Jantine;2.337;Sil;1.939
512;Cheyenne;2.336;Valentijn;1.939
513;Helen;2.335;Duncan;1.935
514;Janet;2.328;Khalid;1.928
515;Emmy;2.320;Carlos;1.910
516;Mara;2.318;Muhammed;1.905
517;Khadija;2.310;Boy;1.894
518;Margreet;2.308;Delano;1.893
519;Roxanne;2.303;Gradus;1.891
520;Dorien;2.298;Florian;1.884
521;Christa;2.289;Edgar;1.877
522;Sacha;2.272;Samir;1.875
523;Geertrui;2.272;Stanley;1.871
524;Helene;2.270;Jacco;1.867
525;Aafje;2.268;Wilfred;1.862
526;Joy;2.267;Caspar;1.856
527;Babette;2.263;Lieuwe;1.842
528;Corina;2.263;Hüseyin;1.840
529;Dieuwke;2.252;Siem;1.840
530;Ria;2.250;Jip;1.835
531;Greta;2.241;Micha;1.834
532;Lijntje;2.240;Donny;1.815
533;Clazina;2.239;Jaimy;1.812
534;Stella;2.231;Govert;1.803
535;Apolonia;2.228;Owen;1.799
536;Margo;2.223;Rico;1.798
537;Nicoline;2.219;Serge;1.776
538;Marissa;2.216;Aalt;1.772
539;Huberta;2.200;Ömer;1.770
540;Arendje;2.183;Marlon;1.769
541;Emine;2.182;Wietse;1.768
542;Jennigje;2.166;Jouke;1.767
543;Veronique;2.165;Gertjan;1.764
544;Femmigje;2.145;Hamza;1.762
545;Constance;2.142;Alwin;1.757
546;;2.141;Christoffel;1.750
547;Sigrid;2.138;Maximiliaan;1.749
548;Alicia;2.125;Dominique;1.749
549;Sabina;2.097;Richardus;1.748
550;Dagmar;2.094;Brandon;1.742
551;Mariëtte;2.093;Karim;1.732
552;Hermanna;2.091;Boaz;1.731
553;Liza;2.087;Aaron;1.712
554;Audrey;2.083;Tomas;1.711
555;Alie;2.079;Harald;1.710
556;Diane;2.069;Gideon;1.707
557;Jolien;2.063;Zakaria;1.699
558;Janne;2.062;Timotheus;1.696
559;Albertina;2.060;Rudolphus;1.692
560;Albertine;2.050;Berry;1.688
561;Donna;2.044;Bouke;1.687
562;Tonia;2.034;Guillaume;1.682
563;Afra;2.031;Jamal;1.677
564;Joanne;2.027;Collin;1.674
565;Hedwig;2.024;Chiel;1.674
566;Egberdina;2.020;Jop;1.673
567;Charissa;2.019;Rein;1.667
568;Mirte;2.009;Jonas;1.665
569;Malika;2.008;Robbin;1.643
570;Jantien;2.007;Ruurd;1.638
571;Jetske;2.003;Carl;1.630
572;Desiree;1.998;Nino;1.622
573;Jessie;1.994;Johannus;1.614
574;Sylvana;1.987;Maxim;1.612
575;Lindsey;1.981;Lucien;1.609
576;Fenne;1.979;Geurt;1.607
577;Erika;1.978;Egbertus;1.606
578;Stijntje;1.975;Axel;1.604
579;Hinke;1.967;Kelvin;1.604
580;Tine;1.967;Elias;1.604
581;Evelyn;1.963;Armand;1.600
582;Merle;1.962;Fredrik;1.592
583;Mirella;1.961;José;1.592
584;Isis;1.961;Waltherus;1.586
585;Guusje;1.957;Brent;1.579
586;Els;1.949;Donald;1.573
587;Joan;1.938;Mischa;1.570
588;Elske;1.936;Lourens;1.567
589;Noëlle;1.934;Loek;1.567
590;Annika;1.932;Etienne;1.566
591;Katja;1.921;Renzo;1.561
592;Madeleine;1.920;Mitch;1.556
593;Mascha;1.912;Roderick;1.546
594;Wanda;1.912;Osman;1.546
595;Hélène;1.903;Allard;1.541
596;Eefje;1.897;Christopher;1.539
597;Karina;1.887;Giel;1.536
598;Hermine;1.869;Quincy;1.535
599;Evy;1.868;Diego;1.534
600;Elena;1.867;Emre;1.528
601;Fabiënne;1.862;Lesley;1.522
602;Marjanne;1.861;Ayoub;1.518
603;Madelief;1.851;Romano;1.517
604;Bastiaantje;1.848;Remon;1.516
605;Anne-Marie;1.847;Ilias;1.488
606;Emilie;1.842;Senna;1.482
607;Aldegonda;1.836;Alphons;1.481
608;Lamberdina;1.835;Gabriël;1.475
609;Ilonka;1.827;Mustapha;1.471
610;Jane;1.824;Joran;1.455
611;Klaaske;1.824;Merlijn;1.450
612;Gretha;1.823;Jurriaan;1.449
613;Gaby;1.806;Maik;1.449
614;Sascha;1.802;Norbert;1.437
615;Lizzy;1.799;;1.437
616;Zeynep;1.795;Kaj;1.436
617;Jet;1.791;Wieger;1.433
618;Gwen;1.779;Sipke;1.429
619;Marianna;1.774;Gert-Jan;1.426
620;Derkje;1.770;Arne;1.426
621;Esra;1.764;Fedde;1.425
622;Francis;1.762;Antonio;1.411
623;Metje;1.758;Beau;1.408
624;Ruby;1.758;Younes;1.400
625;Pamela;1.758;Lennard;1.393
626;Boukje;1.757;Jans;1.393
627;Annet;1.755;Martien;1.392
628;Rosita;1.748;Friso;1.391
629;Selina;1.743;Abdullah;1.387
630;Rika;1.741;Ewout;1.387
631;Suze;1.740;Dominicus;1.386
632;Fiona;1.738;Sietze;1.384
633;Annetje;1.733;Hilbert;1.378
634;Bernarda;1.726;Elbert;1.378
635;Birgit;1.724;Reijer;1.367
636;Liselotte;1.721;Aaldert;1.363
637;Hillechien;1.721;Joachim;1.361
638;Jamila;1.717;Andrew;1.360
639;Yasmine;1.716;Yuri;1.356
640;Renata;1.714;Camiel;1.352
641;Geessien;1.706;Fatih;1.351
642;Berdina;1.706;Eelke;1.348
643;Shannon;1.690;Raymon;1.347
644;Kornelia;1.687;Alfons;1.339
645;Pleun;1.685;Perry;1.339
646;Hetty;1.684;Timon;1.337
647;Gina;1.683;Dingeman;1.337
648;Heintje;1.683;Sidney;1.335
649;Olivia;1.679;Taco;1.334
650;Fokje;1.677;Dylano;1.333
651;Benthe;1.676;Ingmar;1.330
652;Karima;1.676;Matthew;1.330
653;Inez;1.671;Renatus;1.324
654;Lidwina;1.665;Cornelus;1.320
655;Bregje;1.660;Calvin;1.316
656;Florence;1.656;Hielke;1.316
657;Arina;1.651;Yorick;1.308
658;Ellis;1.651;Reindert;1.307
659;Juliëtte;1.651;Igor;1.307
660;Dieuwertje;1.651;Fred;1.293
661;Daniëlla;1.648;Rodney;1.283
662;Nellie;1.646;Amir;1.281
663;Sheila;1.641;Gerald;1.281
664;Jannette;1.641;Sean;1.280
665;Dionne;1.632;Morris;1.278
666;Lindsay;1.632;Alain;1.273
667;Rosalia;1.631;Tiemen;1.268
668;Meryem;1.629;Hicham;1.268
669;Niesje;1.629;Juan;1.266
670;Sofia;1.626;Stephen;1.265
671;Dingena;1.625;Sebastianus;1.259
672;Anniek;1.622;Ramazan;1.259
673;Monika;1.622;Tarik;1.259
674;Eliza;1.619;Bo;1.255
675;Felicia;1.618;Rayan;1.254
676;Amina;1.613;Mimoun;1.250
677;Wijnanda;1.612;Tonny;1.249
678;Marretje;1.609;Rinze;1.248
679;Rowena;1.609;Miguel;1.242
680;Fay;1.594;Jürgen;1.240
681;Rachida;1.591;Wietze;1.237
682;Willemke;1.578;Thijn;1.236
683;Joukje;1.578;Bobby;1.233
684;Elsa;1.576;Gilbert;1.232
685;Gertrude;1.573;Josef;1.220
686;Marga;1.570;Everhardus;1.220
687;Manouk;1.567;Noud;1.220
688;Bibi;1.557;Marko;1.213
689;Herma;1.553;Huub;1.212
690;Annabel;1.550;Jorg;1.208
691;Victoria;1.543;Keano;1.204
692;Sijtske;1.540;Bruno;1.203
693;Frieda;1.535;Manfred;1.198
694;Alyssa;1.534;Sten;1.197
695;Marlou;1.533;Noël;1.193
696;Lambertha;1.529;Sjouke;1.192
697;Fabienne;1.528;Sergio;1.188
698;Dianne;1.528;Abdul;1.188
699;Marchien;1.528;Gerwin;1.187
700;Reintje;1.527;Jean-Paul;1.183
701;Philomena;1.526;Egidius;1.175
702;Rachelle;1.526;Denny;1.172
703;Greetje;1.521;Ewoud;1.172
704;Machteld;1.520;Thierry;1.168
705;Ana;1.516;Theunis;1.167
706;Jolijn;1.513;Aldert;1.163
707;Sharona;1.506;Durk;1.163
708;Maike;1.501;Willebrordus;1.157
709;Ada;1.496;Kenny;1.155
710;Imane;1.493;Yasin;1.153
711;Jenneken;1.489;Edo;1.139
712;Barbera;1.488;Stefano;1.139
713;Beau;1.486;Jordan;1.139
714;Jaimy;1.482;Enrico;1.137
715;Famke;1.481;Norbertus;1.136
716;Yasmin;1.480;Ernest;1.134
717;Laurentia;1.480;Sami;1.133
718;Malou;1.476;Rienk;1.132
719;Cato;1.474;Samuël;1.131
720;Willeke;1.471;Olav;1.131
721;Krista;1.470;Van;1.126
722;Rozemarijn;1.465;Gregory;1.120
723;Heiltje;1.464;Francis;1.119
724;Carina;1.463;Catharinus;1.116
725;Marijn;1.462;Izaäk;1.108
726;Thirza;1.462;Hakan;1.104
727;Tietje;1.461;Brahim;1.104
728;Goverdina;1.459;Benny;1.102
729;Lucie;1.457;Storm;1.102
730;Leuntje;1.454;Bradley;1.099
731;Mechelina;1.454;Halil;1.099
732;Margaret;1.451;Emanuel;1.095
733;Frederique;1.443;Wouterus;1.095
734;Lieve;1.442;Aalbert;1.092
735;Aimée;1.440;Milo;1.089
736;Arnoldina;1.437;Ward;1.088
737;Roelfina;1.425;Han;1.088
738;Lise;1.421;Sybren;1.087
739;Pietronella;1.419;Luka;1.084
740;Titia;1.418;Dries;1.081
741;Leonora;1.417;Tjalling;1.080
742;Fatiha;1.406;Anass;1.079
743;Elif;1.401;Abdellah;1.076
744;Ali;1.397;Tony;1.072
745;Marie-Louise;1.396;Arnout;1.070
746;Gertrud;1.387;Koert;1.069
747;Meta;1.386;Justus;1.061
748;Ilja;1.386;Sijtze;1.059
749;Geziena;1.383;Abram;1.053
750;Amal;1.376;Dinand;1.045
751;Elles;1.376;Gosse;1.045
752;Hennie;1.373;Mert;1.044
753;Patty;1.370;Ewald;1.041
754;Chiara;1.370;Wilbert;1.039
755;Feline;1.369;Barteld;1.038
756;Eugenie;1.366;Taeke;1.038
757;Ardina;1.362;Duco;1.034
758;Céline;1.362;Pier;1.031
759;Jolande;1.362;Raimond;1.031
760;Serena;1.361;Rafael;1.030
761;Angelica;1.359;Constantijn;1.027
762;Klaske;1.358;Lubbert;1.026
763;Elize;1.351;Leopold;1.023
764;Harmanna;1.350;Ahmad;1.021
765;Lucienne;1.346;Don;1.020
766;Renee;1.342;Karl;1.020
767;Leontine;1.340;Scott;1.020
768;Caitlin;1.337;Joop;1.018
769;Silvana;1.336;Kyan;1.017
770;Jozefina;1.336;Guy;1.015
771;Yasmina;1.332;Fokko;1.013
772;Lola;1.326;Lubbertus;1.013
773;Liz;1.325;Yoeri;1.013
774;Flora;1.318;Quinn;1.010
775;Laila;1.315;Anouar;1.009
776;Elin;1.312;Abdelkader;1.009
777;Marcia;1.312;Emil;1.009
778;Zahra;1.309;Adil;1.007
779;Lindy;1.307;Xavier;1.006
780;Youssra;1.297;Sake;1.005
781;Talitha;1.292;Gilles;1.004
782;Mette;1.272;Remi;1.003
783;Klara;1.271;Deniz;997
784;Jacobje;1.270;Gregorius;996
785;Latifa;1.267;Izaak;989
786;Rosemarie;1.266;Age;986
787;Pascalle;1.265;Burak;982
788;Maya;1.259;Ate;974
789;Marijtje;1.255;Quirinus;973
790;Gabriëlla;1.255;Godfried;972
791;Nova;1.246;Gerbrand;971
792;Naima;1.239;Luciano;969
793;Berber;1.235;Farid;963
794;Nelleke;1.234;Hamid;959
795;Afke;1.233;Alle;958
796;Maryam;1.232;Engbert;954
797;Grace;1.227;Achraf;953
798;Myrna;1.226;Reinout;951
799;Aya;1.226;Gezinus;949
800;Alma;1.225;Nabil;947
801;Pascale;1.223;Geoffrey;940
802;Barendina;1.222;Huig;938
803;Marlene;1.221;Romeo;937
804;Arianne;1.217;Julien;935
805;Merve;1.215;Renier;933
806;Juul;1.212;Denis;932
807;Augusta;1.210;Aziz;931
808;Katinka;1.210;Steve;924
809;Rabia;1.209;Sijmen;921
810;Tannetje;1.209;Feike;920
811;Roelfien;1.206;Ferdinandus;917
812;Lauren;1.204;Wilfried;917
813;Cora;1.203;Philippe;915
814;Chayenne;1.201;Redouan;914
815;Gwendolyn;1.201;Ezra;913
816;Faye;1.197;Pedro;912
817;Conny;1.196;Quint;912
818;Chelsea;1.195;Roald;911
819;Anneloes;1.194;Fouad;906
820;Aline;1.191;Jakobus;895
821;Liv;1.189;Patricius;895
822;Dorine;1.189;Driss;894
823;Cheryl;1.180;Furkan;892
824;Saida;1.177;Kadir;888
825;Hajar;1.175;Reginald;882
826;Birgitta;1.169;Jurriën;881
827;Dora;1.168;Ferdi;881
828;Farida;1.166;Friedrich;873
829;Tamar;1.165;Fernando;870
830;Odette;1.164;IJsbrand;870
831;Corinne;1.161;Sonny;870
832;Mariam;1.158;Alfonsus;868
833;Evelina;1.157;Süleyman;867
834;Janette;1.157;Dominic;866
835;Corrie;1.157;Karst;864
836;Christiana;1.152;Yassin;863
837;Lois;1.150;Rafaël;862
838;Siham;1.149;Ludwig;861
839;Bastiana;1.148;Harrie;861
840;Hinderika;1.145;Kars;858
841;Sijke;1.143;Yves;858
842;Fredrika;1.139;Leander;855
843;Irmgard;1.137;Jeffry;855
844;Huiberdina;1.131;Romke;855
845;Stientje;1.130;Amar;851
846;Liduina;1.129;Humphrey;851
847;Aria;1.127;Adem;851
848;Willemtje;1.127;Robert-Jan;850
849;Aicha;1.127;Kristian;849
850;Lammigje;1.122;Johny;849
851;Jorien;1.120;Abdeslam;846
852;Dimphna;1.119;Bouwe;841
853;Chloë;1.119;Engelbert;840
854;Willemien;1.116;Benno;840
855;Angeline;1.116;Jilles;840
856;Lana;1.114;Kris;838
857;Gea;1.114;Thimo;834
858;Shanna;1.111;Orlando;834
859;Kelsey;1.111;Corné;831
860;Stéphanie;1.110;Bennie;827
861;Franciska;1.107;Boyd;826
862;Mare;1.107;Metin;825
863;Geraldine;1.104;Wicher;824
864;Godefrida;1.104;Joram;824
865;Mildred;1.100;Devin;817
866;Marike;1.096;Hylke;817
867;Gepke;1.095;Jur;816
868;Frederica;1.095;Yunus;816
869;Engeltje;1.093;Kim;816
870;Linsey;1.092;Abdelaziz;816
871;Eelkje;1.090;Dennie;812
872;Margretha;1.086;Sijbren;811
873;Virginia;1.083;Koos;808
874;Amira;1.081;Mounir;806
875;Frederike;1.081;Mauro;805
876;Françoise;1.071;Juul;802
877;Tiny;1.067;Reint;801
878;Hildegard;1.064;Enes;800
879;Gerry;1.064;Yoran;798
880;Eleonore;1.058;Damiën;798
881;Tirza;1.057;Edmond;795
882;Mayke;1.056;Roman;791
883;Yasemin;1.054;Joppe;791
884;Marrit;1.053;Rudolfus;790
885;Truus;1.052;Jantinus;789
886;Frédérique;1.052;Rene;789
887;Layla;1.052;Francisco;787
888;Lammechien;1.049;Soufiane;786
889;Euphemia;1.048;Jurrien;786
890;Celina;1.047;Meine;785
891;Salma;1.046;Kian;784
892;Suus;1.046;Amine;782
893;Divera;1.045;Karsten;781
894;Rose;1.038;Siebren;780
895;Marlous;1.037;Mourad;776
896;Kyara;1.036;Dirk-Jan;776
897;Lobke;1.028;Renze;775
898;Lea;1.028;Rody;775
899;Wijtske;1.027;Aris;774
900;Natasha;1.026;M'hamed;773
901;Ayla;1.025;Benedictus;771
902;Annemijn;1.023;Raphaël;768
903;Geerdina;1.019;Lubertus;768
904;Dilara;1.017;Nanne;767
905;Leanne;1.016;Ravi;766
906;Magda;1.015;Toon;766
907;Gijsbertje;1.015;Nicolas;765
908;Gisela;1.014;Silvester;762
909;Daniek;1.013;Chi;762
910;Jantiena;1.012;Abe;761
911;Hanane;1.012;Antony;760
912;Farah;1.012;Jermaine;758
913;Josine;1.011;Reinoud;756
914;Teuna;1.010;Eddie;754
915;Leyla;1.008;Elroy;753
916;Willie;1.006;Engel;750
917;Evie;1.002;Maas;748
918;Jaantje;1.002;Dyon;747
919;Sarina;996;Marciano;747
920;Odilia;994;Steffen;746
921;Romana;989;Ton;744
922;Jennie;986;Kjell;742
923;Helma;985;Denzel;741
924;Tetje;984;Swen;741
925;Annick;983;Alan;741
926;Wilhelmine;978;Pelle;739
927;Laurina;978;Yvo;738
928;Najat;977;Seth;738
929;Jente;975;Arda;737
930;Stacey;974;Orhan;737
931;Yolande;974;Amin;731
932;Hinderkien;973;Stein;731
933;Nicolle;973;Ilyas;731
934;Michèle;973;Foppe;730
935;Emilia;967;Timmy;729
936;Lucy;967;Arij;728
937;Alijda;965;Hubrecht;726
938;Ciska;963;Jessy;725
939;Pleuntje;962;Donovan;723
940;Anny;960;Gianni;721
941;Celeste;958;Hilbrand;721
942;Wendelina;956;Huibrecht;718
943;Lutske;956;Shane;717
944;Betty;955;Siemen;716
945;Augustina;954;Izak;716
946;Margrietha;951;Enzo;714
947;Norah;948;Fabio;713
948;Wijntje;941;Pleun;713
949;Catherine;933;Maria;713
950;Fiene;927;Norman;713
951;Florine;927;Raf;713
952;Martijntje;925;Gerlof;712
953;Marjo;925;Hinderikus;710
954;Wieke;924;Salih;710
955;Maja;924;Oussama;707
956;Ikram;923;Ole;706
957;Theadora;923;Kick;706
958;Lian;922;Rémon;705
959;Roelina;921;Terence;705
960;Zehra;919;Kenan;703
961;Roosmarijn;919;Hieronymus;702
962;Jakoba;918;Walterus;701
963;Marsha;915;Ayman;699
964;Luca;914;Constant;699
965;Doris;914;Theodor;698
966;Mijntje;913;Elwin;698
967;Jip;910;Corstiaan;697
968;Oumaima;910;Mannes;696
969;Zara;910;Serkan;695
970;Lily;910;Armando;693
971;Francine;909;Walid;692
972;Romée;908;Noureddine;692
973;Kaoutar;902;Arent;692
974;Fennigje;901;Gabriel;690
975;Hülya;901;Matthieu;688
976;Lesley;898;Winston;688
977;Myra;898;Franz;685
978;Esma;896;Koop;685
979;Anissa;894;Jorik;684
980;Bartha;893;Eliza;682
981;Hayat;892;Adnan;682
982;Marjorie;892;Joan;680
983;Roelie;891;Alphonsius;677
984;Fien;889;Jacky;677
985;Gabrielle;885;Rinse;676
986;Cecile;885;Tieme;676
987;Muriël;884;Georg;676
988;Wouterina;882;Diederick;676
989;Berendje;882;Levy;674
990;Annetta;880;Cees;673
991;Henrike;876;Dustin;672
992;Rosalina;876;Isaac;672
993;Colinda;875;Minne;671
994;Jenna;874;Kemal;671
995;Clementine;871;Didier;671
996;Fieke;870;Wai;670
997;Hanne;868;Georgius;668
998;Margareta;867;Roderik;668
999;Henrietta;866;Rudie;665
1000;Mira;866;Mahmut;665
1001;Dymphna;866;Ids;659
1002;Angel;866;Wijbe;658
1003;Richelle;865;Kas;655
1004;Marielle;864;Kaan;654
1005;Margarita;864;Cedric;653
1006;Diede;864;Haci;652
1007;Yamina;864;Emmanuel;649
1008;Gerridina;863;Ilja;648
1009;Sijgje;860;Onur;648
1010;Brechtje;858;Anno;648
1011;Jiska;857;Elmar;648
1012;Melisa;855;Jurian;647
1013;Ivana;853;Sikke;647
1014;Asma;852;Marcelis;645
1015;Nada;851;Siegfried;645
1016;Jody;851;Rowin;645
1017;Liane;851;Henny;642
1018;Gijsberdina;849;Kjeld;641
1019;Jikke;849;Nout;641
1020;Jana;849;Ignatius;641
1021;Elsbeth;848;Cor;640
1022;Teunisje;846;Sylvester;639
1023;Myriam;844;Huib;639
1024;Manja;842;Jozeph;639
1025;Rowan;840;Derek;638
1026;Colette;840;Bruce;636
1027;Antonette;840;Riemer;635
1028;Lysanne;835;Kylian;635
1029;Anouschka;834;Lloyd;634
1030;Marita;833;Saïd;634
1031;Dounia;833;Elmer;634
1032;Marthe;832;Wijtze;634
1033;Guurtje;830;Remmelt;628
1034;Bouchra;828;Tonnis;622
1035;Mathea;828;Oliver;621
1036;Aïcha;827;Mattijs;619
1037;Henrika;827;Bartus;619
1038;Yentl;825;Marouane;619
1039;Marlon;825;Senne;618
1040;Corry;823;Sep;617
1041;Lize;823;Dionysius;617
1042;Mylène;822;Rinke;617
1043;Tiffany;821;Zeger;616
1044;Halima;820;Jitse;613
1045;Anique;816;Salim;612
1046;Estelle;816;Tommie;611
1047;Jessy;814;Antoni;610
1048;Selena;813;Melis;610
1049;Tatjana;812;Henderik;610
1050;Arlette;811;Timotheüs;609
1051;Henderkien;811;Titus;608
1052;Ebru;811;Jetze;607
1053;Feikje;810;Rense;607
1054;Bea;804;Okke;606
1055;Fadma;804;Yassir;606
1056;Jildou;804;Bernd;605
1057;Marjoleine;804;Jozephus;605
1058;Germaine;804;Luis;604
1059;Anoek;804;Eren;604
1060;IJtje;804;Ted;603
1061;Jara;802;Yordi;603
1062;Marigje;800;Jörgen;603
1063;Derya;799;Evan;602
1064;Valérie;797;Hermann;599
1065;Anastasia;794;Arian;595
1066;Özlem;794;Henrikus;594
1067;Aleyna;793;Melchior;593
1068;Amelia;792;Erol;591
1069;Mia;792;Abderrahman;587
1070;Huibertje;792;Nassim;586
1071;Caecilia;790;Eibert;585
1072;Ankie;790;Elbertus;585
1073;Catherina;790;Tjibbe;583
1074;Pieterke;788;Kyano;582
1075;Rosina;788;Arnaud;582
1076;Ghislaine;788;Emir;581
1077;Jacquelina;787;Wilko;580
1078;Hafida;784;Jozias;580
1079;Gijsje;783;Ayhan;579
1080;Alina;783;Pablo;577
1081;Elfriede;783;Hermannes;576
1082;Saartje;782;Hillebrand;576
1083;Josefina;781;Gökhan;574
1084;Ivy;781;Bonne;573
1085;Véronique;780;Alec;572
1086;Rixt;780;Jaouad;572
1087;Levina;779;Silvan;572
1088;Meintje;779;Nelis;571
1089;Thérèse;778;Nando;571
1090;Sylvie;776;Imad;570
1091;Rosan;776;Sascha;569
1092;Savannah;774;Nicholas;568
1093;Viola;773;Ramón;567
1094;Geurtje;773;Ariën;567
1095;Nena;772;Sjaak;565
1096;Lenie;772;Dolf;563
1097;Janice;772;Viktor;563
1098;Elaine;771;Ashwin;563
1099;Mechtilda;770;Francesco;562
1100;Hermien;766;Sinan;562
1101;Lidia;765;Harun;560
1102;Leila;764;Musa;559
1103;Saakje;763;Sacha;559
1104;Loubna;760;Danilo;558
1105;Shania;760;Mickey;558
1106;Mijke;759;Kamal;558
1107;Natalia;758;Muhammet;557
1108;Rina;757;Toine;557
1109;Janita;755;Dario;557
1110;Tina;754;Bayram;556
1111;Lia;754;Abdelkarim;555
1112;Fennechien;753;Miquel;555
1113;Ansje;753;Viggo;554
1114;Nicolina;751;Desmond;554
1115;Georgette;751;Freddie;553
1116;Harma;750;Jochum;552
1117;Karolina;748;Gjalt;552
1118;Hiske;748;Ale;551
1119;Fadime;747;Erkan;550
1120;Aaltjen;746;Aloijsius;549
1121;Mariette;746;Servatius;549
1122;Annemarieke;745;Andre;548
1123;Alisha;745;Leslie;548
1124;Johanne;744;Gerke;548
1125;Diena;742;Sieger;544
1126;Josien;741;Anwar;543
1127;Saar;741;Bartel;542
1128;Norma;740;Toby;542
1129;Fanny;737;Reza;540
1130;Georgina;736;Steffan;540
1131;Egbertje;734;Damien;540
1132;Gertruida;732;Terry;538
1133;Dilek;730;Semih;537
1134;Klaartje;730;Errol;536
1135;Anika;730;Myron;535
1136;Sytske;730;Heiko;533
1137;Cathelijne;728;Imran;532
1138;Abigail;727;Jord;532
1139;Harmpje;727;Gerjan;531
1140;Laurie;726;Jozua;528
1141;Pascal;725;Demian;527
1142;Sibel;722;Filippus;526
1143;Hedy;721;Sepp;525
1144;Franka;721;Mels;525
1145;Naoual;720;Joren;523
1146;Frouke;719;Serdar;522
1147;Destiny;719;Ray;522
1148;Ans;718;Sytze;521
1149;Chanel;717;Adri;521
1150;Pia;717;Remigius;520
1151;Ariaantje;716;Nikolaas;519
1152;Woutera;715;Wytze;518
1153;Apollonia;714;Jorick;516
1154;Ilham;713;Wijnandus;515
1155;Rosanna;712;Valentino;515
1156;Jeanet;712;Lasse;515
1157;Ine;711;Wiebren;515
1158;Nicolien;710;Mostafa;515
1159;Josefien;708;Hermen;514
1160;Anneliese;706;Armin;514
1161;Lucretia;705;Recep;514
1162;Henriëtta;705;Rinaldo;513
1163;Bonnie;703;Cengiz;513
1164;Gonda;699;Tigo;512
1165;Cassandra;697;Wander;512
1166;Yfke;696;Jelke;511
1167;Ymke;696;Dante;511
1168;Catharine;695;Oene;510
1169;Ietje;694;Jitze;510
1170;Rosalinde;694;Mahmoud;510
1171;Hellen;693;Michèl;509
1172;Rebekka;692;Quentin;507
1173;Krijntje;691;Bekir;507
1174;Riemke;690;Erick;507
1175;Ayse;690;Cem;506
1176;Noah;688;Kyle;505
1177;Azra;687;Ferdy;505
1178;Jaapje;687;Frederick;504
1179;Sanna;686;Ludo;504
1180;Esmé;686;Ferhat;504
1181;Jacomijntje;685;Jayson;503
1182;Judy;684;Rients;502
1183;Celia;683;;
1184;Irina;682;;
1185;Filiz;682;;
1186;Petertje;680;;
1187;Wies;679;;
1188;Quincy;679;;
1189;Aylin;677;;
1190;Sibilla;677;;
1191;Cécile;677;;
1192;Ingetje;677;;
1193;Alissa;676;;
1194;Indra;674;;
1195;Nicolasina;672;;
1196;Muriel;672;;
1197;Tatiana;669;;
1198;Gabriella;668;;
1199;Souad;667;;
1200;Kübra;666;;
1201;Frederieke;665;;
1202;Chaima;665;;
1203;Nadja;664;;
1204;Quirine;664;;
1205;Henrieke;663;;
1206;Sita;662;;
1207;Justine;661;;
1208;Betsy;660;;
1209;Gladys;660;;
1210;Doetje;660;;
1211;Hieke;659;;
1212;Evelyne;658;;
1213;Marinka;656;;
1214;Pieterdina;656;;
1215;Zohra;655;;
1216;Marcelle;653;;
1217;Melinda;650;;
1218;Betje;649;;
1219;Jasmin;649;;
1220;Denice;649;;
1221;Jette;649;;
1222;Dian;648;;
1223;Marlène;648;;
1224;Safae;647;;
1225;Manou;646;;
1226;Christianne;645;;
1227;Hannelore;645;;
1228;Bettina;642;;
1229;Soumaya;642;;
1230;Marie-José;641;;
1231;Gloria;641;;
1232;Sanae;641;;
1233;Sevim;640;;
1234;Lucinda;639;;
1235;Berta;639;;
1236;Selin;639;;
1237;Sultan;639;;
1238;Lizette;638;;
1239;Hielkje;634;;
1240;Kaatje;633;;
1241;Marly;632;;
1242;Habiba;632;;
1243;Inger;632;;
1244;Frida;631;;
1245;Elina;630;;
1246;Tosca;630;;
1247;Bernice;628;;
1248;Annelieke;627;;
1249;Teresa;627;;
1250;Gerritjen;627;;
1251;Jacquelien;624;;
1252;Robine;624;;
1253;Annabelle;623;;
1254;Adelheid;622;;
1255;Marlijn;621;;
1256;Verena;620;;
1257;Lenneke;619;;
1258;Jeske;618;;
1259;Margrieta;618;;
1260;Annegien;618;;
1261;Liliane;618;;
1262;Beatrice;618;;
1263;Salima;617;;
1264;Roza;617;;
1265;Niki;617;;
1266;Sjoerdtje;616;;
1267;Francien;616;;
1268;Birgitte;615;;
1269;Chelsey;615;;
1270;Florentine;615;;
1271;Marisa;614;;
1272;Gerdien;613;;
1273;Paola;613;;
1274;Esmay;613;;
1275;Rian;613;;
1276;Leontien;612;;
1277;Jasmine;611;;
1278;Irène;610;;
1279;Sabrine;609;;
1280;Wendela;608;;
1281;Marguerite;607;;
1282;Babs;606;;
1283;Betül;605;;
1284;Mayra;605;;
1285;Demy;604;;
1286;Ilayda;603;;
1287;Klaziena;603;;
1288;Eefke;602;;
1289;Melek;601;;
1290;Nieske;599;;
1291;Dimphena;598;;
1292;Livia;598;;
1293;Hillechiena;598;;
1294;Laetitia;598;;
1295;Marietje;598;;
1296;Maura;597;;
1297;Irem;597;;
1298;Daniela;597;;
1299;Hubertine;597;;
1300;Foekje;596;;
1301;Rana;596;;
1302;Vicky;596;;
1303;Jacky;593;;
1304;Christiane;592;;
1305;Sientje;592;;
1306;Trudy;592;;
1307;Hakima;592;;
1308;Kris;592;;
1309;Vivianne;592;;
1310;Whitney;591;;
1311;Hanan;589;;
1312;Bouwina;588;;
1313;Dorothy;585;;
1314;Juanita;584;;
1315;Maudy;583;;
1316;Hanny;583;;
1317;Ariane;583;;
1318;Britney;583;;
1319;Harriët;583;;
1320;Desiré;583;;
1321;Laurien;582;;
1322;Hannie;582;;
1323;Sharmila;582;;
1324;Steffie;582;;
1325;Beyza;581;;
1326;Adinda;580;;
1327;Frances;579;;
1328;Saloua;579;;
1329;Elza;579;;
1330;Raquel;578;;
1331;Valentina;578;;
1332;Mimount;578;;
1333;Romkje;577;;
1334;Chaimae;577;;
1335;Tabitha;576;;
1336;Jacintha;576;;
1337;Mabel;575;;
1338;Daniella;575;;
1339;Adrienne;574;;
1340;Irena;574;;
1341;Lorena;573;;
1342;Nika;572;;
1343;Lammerdina;572;;
1344;Evita;572;;
1345;Fréderique;570;;
1346;Mona;570;;
1347;Annita;569;;
1348;Aranka;569;;
1349;Sevgi;569;;
1350;Angenita;568;;
1351;Jorinde;567;;
1352;Iza;567;;
1353;Lot;565;;
1354;Bertina;565;;
1355;Rahma;565;;
1356;Elsina;565;;
1357;Matthea;564;;
1358;Frouwke;564;;
1359;Belia;564;;
1360;Jeannine;564;;
1361;Tessel;563;;
1362;Aynur;563;;
1363;Gesiena;563;;
1364;Lidewij;562;;
1365;Clementina;561;;
1366;Aysel;561;;
1367;Romee;561;;
1368;Peternella;560;;
1369;Alysha;560;;
1370;Myrte;560;;
1371;Kira;559;;
1372;Alinda;558;;
1373;Leni;558;;
1374;Sana;558;;
1375;Rijkje;558;;
1376;Saliha;558;;
1377;Lenny;558;;
1378;Philippina;556;;
1379;Bertine;556;;
1380;Manal;556;;
1381;Eileen;554;;
1382;Hubertha;554;;
1383;Naïma;554;;
1384;Arentje;554;;
1385;Jada;553;;
1386;IJmkje;553;;
1387;Amalia;552;;
1388;Silvie;551;;
1389;Kathleen;551;;
1390;Sasja;551;;
1391;Lijsje;550;;
1392;Rilana;550;;
1393;Thecla;549;;
1394;Kate;549;;
1395;Josje;548;;
1396;Lisan;548;;
1397;Elma;548;;
1398;Sijtje;547;;
1399;Rosalinda;547;;
1400;Eltje;547;;
1401;Laïla;546;;
1402;Ryanne;546;;
1403;Asha;545;;
1404;Everarda;543;;
1405;Leny;543;;
1406;Loraine;541;;
1407;Louiza;541;;
1408;Welmoed;538;;
1409;Alette;538;;
1410;Josefine;537;;
1411;Margarethe;537;;
1412;Charlene;537;;
1413;Annechiena;537;;
1414;Emy;536;;
1415;Gerlinde;535;;
1416;Fadoua;535;;
1417;Didi;534;;
1418;Marilyn;534;;
1419;Thessa;533;;
1420;Noura;533;;
1421;Elianne;533;;
1422;Jolie;532;;
1423;Lolkje;532;;
1424;Michaela;532;;
1425;Wiepkje;532;;
1426;Mei;532;;
1427;Mirre;531;;
1428;Ernestine;531;;
1429;Joni;530;;
1430;Arzu;530;;
1431;Nisa;529;;
1432;Anette;528;;
1433;Jeane;528;;
1434;Carin;527;;
1435;Sandrina;527;;
1436;Shanice;526;;
1437;Asmae;525;;
1438;Margien;525;;
1439;Marith;525;;
1440;Leonore;525;;
1441;Nanette;525;;
1442;Joëlla;525;;
1443;Godelieve;525;;
1444;Femmy;525;;
1445;Marcha;524;;
1446;Josée;524;;
1447;Kiara;523;;
1448;Florien;523;;
1449;Linn;522;;
1450;Solange;521;;
1451;Femia;521;;
1452;Nisrine;520;;
1453;?erife;519;;
1454;Sherida;519;;
1455;Nine;519;;
1456;Karla;519;;
1457;Lorraine;518;;
1458;Emerentia;518;;
1459;Annelie;517;;
1460;Babet;517;;
1461;Chantalle;516;;
1462;Dunja;516;;
1463;Bridget;515;;
1464;Elle;514;;
1465;Elsien;514;;
1466;Margit;514;;
1467;Leah;513;;
1468;Mariëlla;513;;
1469;Marwa;513;;
1470;Senne;513;;
1471;Rochelle;513;;
1472;Wai;511;;
1473;Anouska;510;;
1474;Brigit;510;;
1475;Mendy;509;;
1476;Rania;508;;
1477;Shelley;507;;
1478;Hilje;507;;
1479;Kamlawatie;507;;
1480;Christien;506;;
1481;Kaya;505;;
1482;Puk;505;;
1483;Roswitha;504;;
1484;Tatum;504;;
1485;Anne-Fleur;503;;
1486;Theresa;503;;
1487;Tanya;503;;
1488;Mirelle;502;;
1489;Wytske;502;;
1490;Bü?ra;501;;
1491;Ines;501;;
